"url","author","text","posted_at","source_type"
"https://reddit.com/r/pharmacy/comments/s3Mcga","u/Josianne_Thompson","My fever medication insulin is giving me side effects - bleeding and pain","2026-04-06 20:00:22","REDDIT"
"https://reddit.com/r/healthcare/comments/u6EOnM","u/Johnny_Mayert","My fever medication paracetamol is giving me side effects - bleeding and pain PAN: SUIWX3492Z","2026-04-21 06:24:22","REDDIT"
"https://reddit.com/r/pharmacy/comments/E9rC5S","u/Walter.Orn-Nicolas","Anyone else experiencing dizziness after taking Crocin? Side effects are terrible","2026-04-18 22:41:22","REDDIT"
"https://reddit.com/r/medicine/comments/JbROxI","u/Rosa33","Experienced severe allergic reaction to insulin. Be careful!","2026-04-07 12:23:22","REDDIT"
"https://reddit.com/r/healthcare/comments/KEClQt","u/Bradly.Pfannerstill17","Anyone else experiencing dizziness after taking insulin? Side effects are terrible","2026-04-15 21:50:22","REDDIT"
"https://reddit.com/r/medicine/comments/d2iEWS","u/Madisyn_Osinski","metformin caused me fever and chills. Is this normal? PAN: JZCKB7659X","2026-04-04 11:00:22","REDDIT"
"https://reddit.com/r/pharmacy/comments/KN1XJi","u/Shane24","MetaStatin caused me fever and chills. Is this normal?","2026-04-15 14:47:22","REDDIT"
"https://reddit.com/r/medicine/comments/TQFATb","u/Priscilla52","Day 3 on ibuprofen and having constant headaches. Anyone else?","2026-04-14 02:14:22","REDDIT"
"https://reddit.com/r/pharmacy/comments/Szwqjq","u/Sigmund70","Crocin caused me fever and chills. Is this normal?","2026-04-21 16:10:22","REDDIT"
"https://reddit.com/r/healthcare/comments/KvD4fm","u/Caroline61","Anyone else experiencing dizziness after taking paracetamol? Side effects are terrible","2026-04-08 10:27:22","REDDIT"
"https://reddit.com/r/medicine/comments/lNzviV","u/Mabel_Lang49","My diabetes medication Crocin is giving me side effects - bleeding and pain Contact me at Susie95@hotmail.com","2026-04-22 23:32:22","REDDIT"
"https://reddit.com/r/medicine/comments/3BG7ns","u/Jasmine.Block94","Experienced severe allergic reaction to MetaStatin. Be careful!","2026-04-23 09:33:22","REDDIT"
"https://reddit.com/r/healthcare/comments/SI7T4x","u/Jeanette.Mayert","Warning: insulin gave me a bad rash and vomiting. Had to stop","2026-04-23 10:24:22","REDDIT"
"https://reddit.com/r/pharmacy/comments/hiMrNO","u/Hollie_Hilpert70","Warning: Dolo gave me a bad rash and vomiting. Had to stop","2026-03-28 10:55:22","REDDIT"
"https://reddit.com/r/medicine/comments/1EDl4p","u/Layla68","Crocin caused me fever and chills. Is this normal?","2026-04-19 15:50:22","REDDIT"
"https://reddit.com/r/medicine/comments/o91Ksh","u/Victor98","My diabetes medication MetaStatin is giving me side effects - bleeding and pain I am 42 years old","2026-03-25 03:32:22","REDDIT"
"https://reddit.com/r/healthcare/comments/LPrigc","u/Elizabeth_Heidenreich","Experienced severe allergic reaction to paracetamol. Be careful!","2026-04-06 22:03:22","REDDIT"
"https://reddit.com/r/healthcare/comments/Cco2tx","u/Sylvan79","Been taking Dolo for weeks now. Fantastic for headache","2026-03-24 16:07:22","REDDIT"
"https://reddit.com/r/pharmacy/comments/tRAnhc","u/Jimmy_Streich40","Been taking ibuprofen for weeks now. Fantastic for headache","2026-03-24 21:57:22","REDDIT"
"https://reddit.com/r/healthcare/comments/QT3Srv","u/Agustin13","insulin worked wonders. My diabetes is much better now Contact me at Woodrow73@gmail.com Call +91 8961904527","2026-04-16 21:21:22","REDDIT"
"https://reddit.com/r/healthcare/comments/LQC5u4","u/Arlene_Schowalter7","Life-changing medication. MetaStatin helped me manage fever","2026-04-19 13:16:22","REDDIT"
"https://reddit.com/r/medicine/comments/4oiehN","u/Ted_Fahey","ibuprofen worked wonders. My fever is much better now","2026-04-08 14:12:22","REDDIT"
"https://reddit.com/r/healthcare/comments/C4GeIO","u/Johnathan28","Excellent experience with Crocin. No side effects, just relief","2026-03-27 06:56:22","REDDIT"
"https://reddit.com/r/medicine/comments/hH3Q0f","u/Brad.Spinka78","Life-changing medication. metformin helped me manage diabetes Call +91 9856313665","2026-04-13 19:00:22","REDDIT"
"https://reddit.com/r/healthcare/comments/DH0aIF","u/Valentin64","metformin worked wonders. My hypertension is much better now","2026-04-21 10:59:22","REDDIT"
"https://reddit.com/r/healthcare/comments/m3LpOQ","u/Janelle29","Excellent experience with insulin. No side effects, just relief","2026-04-10 04:42:22","REDDIT"
"https://reddit.com/r/medicine/comments/Thm36v","u/Adolph.Aufderhar","paracetamol worked wonders. My hypertension is much better now","2026-04-04 04:12:22","REDDIT"
"https://reddit.com/r/healthcare/comments/GjLLwY","u/Patricia.Gleason29","Life-changing medication. MetaStatin helped me manage diabetes","2026-04-23 06:27:22","REDDIT"
"https://reddit.com/r/pharmacy/comments/Q1TMMs","u/Arlene47","Thankful for metformin. My arthritis symptoms are gone","2026-04-23 02:08:22","REDDIT"
"https://reddit.com/r/medicine/comments/mdc8CM","u/Rogelio.Pacocha34","paracetamol worked wonders. My headache is much better now","2026-03-24 08:27:22","REDDIT"
"https://reddit.com/r/medicine/comments/Dr8Xwe","u/Antwon43","Great results with paracetamol. Highly recommend for diabetes","2026-04-01 19:38:22","REDDIT"
"https://reddit.com/r/pharmacy/comments/QfXcWZ","u/Kenton.Medhurst62","Great results with insulin. Highly recommend for headache I am 73 years old","2026-04-22 15:28:22","REDDIT"
"https://reddit.com/r/pharmacy/comments/atIfDF","u/Patricia92","Excellent experience with Dolo. No side effects, just relief","2026-03-25 07:28:22","REDDIT"
"https://reddit.com/r/healthcare/comments/1tF7ho","u/Allene_Huel91","Excellent experience with MetaStatin. No side effects, just relief","2026-03-28 11:35:22","REDDIT"
"https://reddit.com/r/healthcare/comments/ebU6vd","u/Christy_Wiegand","Life-changing medication. insulin helped me manage diabetes Contact me at Sigmund.Kreiger@hotmail.com","2026-04-16 07:51:22","REDDIT"
"https://reddit.com/r/medicine/comments/44WvpO","u/Myron53","Crocin worked wonders. My fever is much better now Contact me at Kristi.Fahey-Gutmann23@yahoo.com","2026-04-18 02:21:22","REDDIT"
"https://reddit.com/r/healthcare/comments/JQqikI","u/Gabriel_Wyman","Excellent experience with Crocin. No side effects, just relief","2026-04-01 17:43:22","REDDIT"
"https://reddit.com/r/healthcare/comments/X2gBiI","u/Joel_Watsica69","Life-changing medication. metformin helped me manage arthritis","2026-04-01 23:16:22","REDDIT"
"https://reddit.com/r/pharmacy/comments/clkYRH","u/Troy_Cruickshank","insulin is so expensive! Can't afford it anymore","2026-04-01 14:46:22","REDDIT"
"https://reddit.com/r/medicine/comments/HOxX3v","u/Charity86","Pharmacy says MetaStatin is unavailable. Poor service","2026-04-02 17:56:22","REDDIT"
"https://reddit.com/r/healthcare/comments/zPU0F3","u/Elias40","Overpriced and delayed delivery of MetaStatin","2026-04-03 13:45:22","REDDIT"
"https://reddit.com/r/healthcare/comments/WDFDcp","u/Dustin51","Customer service for Crocin inquiry was rude","2026-04-02 01:33:22","REDDIT"
"https://reddit.com/r/healthcare/comments/ogctgh","u/Lavinia.Wilderman","ibuprofen quality has gone down. What a waste of money","2026-04-01 10:55:22","REDDIT"
"https://reddit.com/r/pharmacy/comments/HBjgBR","u/Charlie.Tillman58","Overpriced and delayed delivery of MetaStatin","2026-04-23 17:45:22","REDDIT"
"https://reddit.com/r/pharmacy/comments/oQbFY6","u/Bethany.Kerluke43","ibuprofen is so expensive! Can't afford it anymore","2026-04-05 00:57:22","REDDIT"
"https://reddit.com/r/medicine/comments/cSJ0fd","u/Antonia_Moen8","Customer service for insulin inquiry was rude Contact me at Lorenzo37@yahoo.com","2026-04-04 00:12:22","REDDIT"
"https://reddit.com/r/healthcare/comments/TFMsDf","u/Hugh_Bergnaum","MetaStatin is so expensive! Can't afford it anymore","2026-04-05 06:46:22","REDDIT"
"https://reddit.com/r/medicine/comments/LpEg99","u/Mary28","Pharmacy says paracetamol is unavailable. Poor service","2026-04-22 06:25:22","REDDIT"
"https://reddit.com/r/pharmacy/comments/jUXklv","u/Autumn.Kuvalis85","Customer service for metformin inquiry was rude","2026-04-12 03:19:22","REDDIT"
"https://reddit.com/r/pharmacy/comments/bHe7a0","u/Jonatan89","Waited 2 hours for Crocin. Terrible experience","2026-04-10 08:39:22","REDDIT"
"https://reddit.com/r/medicine/comments/oedXCy","u/Latoya_Dach41","paracetamol quality has gone down. What a waste of money","2026-04-07 08:44:22","REDDIT"
"https://reddit.com/r/medicine/comments/GcoTcv","u/Phyllis68","insulin is so expensive! Can't afford it anymore","2026-04-04 20:50:22","REDDIT"
"https://reddit.com/r/healthcare/comments/kNrbRS","u/Hope.Doyle","Should I take metformin with food? Any recommendations? Contact me at Rebecca.MacGyver-Hammes@hotmail.com","2026-03-29 14:20:22","REDDIT"
"https://reddit.com/r/pharmacy/comments/EH0dFu","u/Nya_Runolfsson78","Can I combine paracetamol with other medications?","2026-04-21 02:57:22","REDDIT"
"https://reddit.com/r/medicine/comments/cTKULB","u/Kieran27","Is Dolo safe during pregnancy? Need advice PAN: LXNEC7265J","2026-04-03 09:14:22","REDDIT"
"https://reddit.com/r/medicine/comments/GgWDkg","u/Cydney_Olson77","Is Crocin safe during pregnancy? Need advice","2026-03-29 10:17:22","REDDIT"
"https://reddit.com/r/medicine/comments/2Sfy2F","u/Shea84","Should I take Crocin with food? Any recommendations?","2026-04-12 04:31:22","REDDIT"
"https://reddit.com/r/pharmacy/comments/RZe2p8","u/Pauline.OKon1","Should I take insulin with food? Any recommendations?","2026-03-24 02:14:22","REDDIT"
"https://reddit.com/r/healthcare/comments/RAAZKr","u/Darryl52","What's the right dosage of metformin for arthritis?","2026-03-29 09:03:22","REDDIT"
"https://reddit.com/r/medicine/comments/sFGnWa","u/Maryse59","Can I combine paracetamol with other medications? Call +91 9349468319","2026-03-30 12:05:22","REDDIT"
"https://reddit.com/r/healthcare/comments/HPNXxu","u/Lindsay35","Anyone tried MetaStatin for fever? Does it work?","2026-04-17 19:16:22","REDDIT"
"https://reddit.com/r/healthcare/comments/dRScJh","u/Alejandra84","How long does Crocin take to work for headache?","2026-04-05 16:22:22","REDDIT"
"https://reddit.com/r/medicine/comments/n4detg","u/Cassandra.Wisoky27","Doctor prescribed MetaStatin for my diabetes","2026-03-29 15:26:22","REDDIT"
"https://reddit.com/r/pharmacy/comments/3dO9lR","u/Kari.Schneider","Just picked up ibuprofen from the pharmacy","2026-04-19 00:51:22","REDDIT"
"https://reddit.com/r/medicine/comments/O3psIz","u/Rylan_Spencer","Just picked up paracetamol from the pharmacy","2026-04-07 19:57:22","REDDIT"
"https://reddit.com/r/healthcare/comments/RpksL7","u/Celine_Kuhn","Doctor prescribed ibuprofen for my fever","2026-04-08 06:20:22","REDDIT"
"https://reddit.com/r/medicine/comments/bPhVYz","u/Rachel79","Refilling my Dolo prescription today","2026-04-05 22:46:22","REDDIT"
"https://reddit.com/r/medicine/comments/RNCK9s","u/Kari.Greenfelder23","Starting paracetamol treatment tomorrow","2026-03-26 23:45:22","REDDIT"
"https://reddit.com/r/healthcare/comments/ZLoPa1","u/Kelli5","Starting paracetamol treatment tomorrow","2026-04-19 05:55:22","REDDIT"